Model,PR_AUC,BestF1,BestThreshold
SARIMA,0.4433640266702761,0.5374613003091158,50886.769769821716
Hybrid,0.4359389211789228,0.5251889168760899,51035.666045674
