Feature,Peak Period |SHAP|,Non-Peak Period |SHAP|,Difference
sarima_pred,7325.030775595085,4550.648545861745,2774.38222973334
residual_pred,183.47811868987205,259.1397001771695,-75.66158148729747
